{
  "last": "",
  "backgroundType": "CUSTOM",
  "bgpath": "E:\\HMCL\\back.png",
  "commonDirType": "DEFAULT",
  "commonpath": "C:\\Users\\jdnjk\\AppData\\Roaming\\.minecraft",
  "hasProxy": false,
  "hasProxyAuth": false,
  "proxyType": "HTTP",
  "proxyPort": 0,
  "width": 0.0,
  "height": 0.0,
  "theme": "#5c6bc0",
  "localization": "def",
  "autoDownloadThreads": false,
  "downloadThreads": 64,
  "downloadType": "bmclapi",
  "autoChooseDownloadType": true,
  "versionListSource": "balanced",
  "configurations": {},
  "accounts": [],
  "fontSize": 12.0,
  "logLines": 100,
  "titleTransparent": false,
  "authlibInjectorServers": [
    {
      "url": "https://littleskin.cn/api/yggdrasil/",
      "metadataResponse": "{\"meta\":{\"serverName\":\"LittleSkin\",\"implementationName\":\"Yggdrasil API for Blessing Skin\",\"implementationVersion\":\"5.1.1\",\"links\":{\"homepage\":\"https:\\/\\/littleskin.cn\",\"register\":\"https:\\/\\/littleskin.cn\\/auth\\/register\"},\"feature.non_email_login\":true},\"skinDomains\":[\"skin.prinzeugen.net\",\"\",\"littleskin.cn\"],\"signaturePublickey\":\"-----BEGIN PUBLIC KEY-----\\nMIICIjANBgkqhkiG9w0BAQEFAAOCAg8AMIICCgKCAgEArGcNOOFIqLJSqoE3u0hj\\ntOEnOcET3wj9Drss1BE6sBqgPo0bMulOULhqjkc\\/uH\\/wyosYnzw3xaazJt87jTHh\\nJ8BPMxCeQMoyEdRoS3Jnj1G0Kezj4A2b61PJJM1DpvDAcqQBYsrSdpBJ+52MjoGS\\nvJoeQO5XUlJVQm21\\/HmJnqsPhzcA6HgY71RHYE5xnhpWJiPxLKUPtmt6CNYUQQoS\\no2v36XWgMmLBZhAbNOPxYX+1ioxKamjhLO29UhwtgY9U6PWEO7\\/SBfXzyRPTzhPV\\n2nHq7KJqd8IIrltslv6i\\/4FEM81ivS\\/mm+PN3hYlIYK6z6Ymii1nrQAplsJ67OGq\\nYHtWKOvpfTzOollugsRihkAG4OB6hM0Pr45jjC3TIc7eO7kOgIcGUGUQGuuugDEz\\nJ1N9FFWnN\\/H6P9ukFeg5SmGC5+wmUPZZCtNBLr8o8sI5H7QhK7NgwCaGFoYuiAGL\\ngz3k\\/3YwJ40BbwQayQ2gIqenz+XOFIAlajv+\\/nyfcDvZH9vGNKP9lVcHXUT5YRnS\\nZSHo5lwvVrYUrqEAbh\\/zDz8QMEyiujWvUkPhZs9fh6fimUGxtm8mFIPCtPJVXjeY\\nwD3Lvt3aIB1JHdUTJR3eEc4eIaTKMwMPyJRzVn5zKsitaZz3nn\\/cOA\\/wZC9oqyEU\\nmc9h6ZMRTRUEE4TtaJyg9lMCAwEAAQ\u003d\u003d\\n-----END PUBLIC KEY-----\\n\"}",
      "metadataTimestamp": 1686992142016
    },
    {
      "url": "https://skin.mcyzj.cn/api/yggdrasil/",
      "metadataResponse": "{\"meta\":{\"serverName\":\"\\u9c7c\\u9171\\u76ae\\u80a4\\u7ad9\",\"implementationName\":\"Yggdrasil API for Blessing Skin\",\"implementationVersion\":\"5.1.5\",\"links\":{\"homepage\":\"https:\\/\\/skin.mcyzj.cn\",\"register\":\"https:\\/\\/skin.mcyzj.cn\\/auth\\/register\"},\"feature.non_email_login\":true},\"skinDomains\":[\"skin.mcyzj.cn\"],\"signaturePublickey\":\"-----BEGIN PUBLIC KEY-----\\nMIICIjANBgkqhkiG9w0BAQEFAAOCAg8AMIICCgKCAgEA2UHTMr\\/ZCVwJ6MZ7D1WM\\nKSH9T+PDWNf\\/euy+ZegG1h9UY8Jft\\/nFIyugkO6s9\\/rWR64A4yLZnr4OmKhmT8bh\\nXb3v32MpHiBz7UPNMoHx336YDG794ZsCiefIKCH5SV+xyGx3DD5yKXNJl2wZIg5O\\n2ZMj6TjtGx4t\\/L\\/BsNMFYD4ghYIH18piXCcQ4WzN+IouMMwqeIUacNDGkS8JrhII\\nWYlgnTlZQihQWnIzHwXXVeZL1bVDnqeRX822RgwPxBqZDNrUdWJPc4ILPeHZXfAU\\nGQpuhiuhxqzY2eQBg\\/rgjRT0BA2BudYMaAwdTutO4aVB3hVpoBJozcfnd\\/lj6Foq\\ncskfU+QX7+O0V7HQFMVJCvXVFc81PIpdLm93qgm23l3DMCYFXuyS04VoZoCmtEkG\\npzkWGzjeAMH1ETy6XwrArsvreUbHU3YVSeFAxbtoIEj3S4JsokBx8cEbu78+8\\/F6\\nBjg52XnEnM+GNrph97hSooJaGnIM8rab+drLpWn+s8qR0XK\\/YXla1oaWEl72xzi2\\nFQ3uV+0mM1orbBBWbbLrPkW1KGC2s91fXDnpg8oj9aj0SSGa+cSU1wvOM+ULDsvZ\\nFFtjjw3FG0SszxST\\/AX+8gNI+xVbzE9n1RVvGbpXLXKn1uTx8uIKeSgB0fMpHBW1\\nx7K+pUGpE6w4dGjI9EyWCZkCAwEAAQ\u003d\u003d\\n-----END PUBLIC KEY-----\\n\"}",
      "metadataTimestamp": 1686310847475
    }
  ],
  "addedLittleSkin": false,
  "_version": 0,
  "uiVersion": 0,
  "preferredLoginType": "offline",
  "animationDisabled": false,
  "shownTips": {}
}