{
  "last": "Default",
  "backgroundType": "CUSTOM",
  "bgpath": "E:\\IKunClient\\PCL\\Pictures\\1.png",
  "commonDirType": "DEFAULT",
  "commonpath": "C:\\Users\\jdnjk\\AppData\\Roaming\\.minecraft",
  "hasProxy": false,
  "hasProxyAuth": false,
  "proxyType": "HTTP",
  "proxyPort": 0,
  "width": 818.4000244140625,
  "height": 508.0,
  "theme": "#5c6bc0",
  "localization": "def",
  "autoDownloadThreads": false,
  "downloadThreads": 64,
  "downloadType": "mcbbs",
  "autoChooseDownloadType": true,
  "versionListSource": "balanced",
  "configurations": {
    "Default": {
      "global": {
        "usesGlobal": true,
        "javaArgs": "",
        "minecraftArgs": "",
        "maxMemory": 1920,
        "autoMemory": true,
        "permSize": "",
        "width": 854,
        "height": 480,
        "javaDir": "",
        "precalledCommand": "",
        "postExitCommand": "",
        "serverIp": "",
        "java": "17.0.4",
        "wrapper": "",
        "fullscreen": false,
        "noJVMArgs": false,
        "notCheckGame": false,
        "notCheckJVM": false,
        "notPatchNatives": false,
        "showLogs": false,
        "gameDir": "",
        "launcherVisibility": 1,
        "processPriority": 2,
        "useSoftwareRenderer": false,
        "useNativeGLFW": false,
        "useNativeOpenAL": false,
        "gameDirType": 0,
        "defaultJavaPath": "C:\\Program Files\\Java\\jdk-17.0.4\\bin\\java.exe",
        "nativesDir": "",
        "nativesDirType": 0,
        "versionIcon": 0
      },
      "gameDir": ".minecraft",
      "useRelativePath": true,
      "selectedMinecraftVersion": "monday模组"
    },
    "Home": {
      "global": {
        "usesGlobal": true,
        "javaArgs": "",
        "minecraftArgs": "",
        "maxMemory": 1920,
        "autoMemory": true,
        "permSize": "",
        "width": 854,
        "height": 480,
        "javaDir": "",
        "precalledCommand": "",
        "postExitCommand": "",
        "serverIp": "",
        "java": "",
        "wrapper": "",
        "fullscreen": false,
        "noJVMArgs": false,
        "notCheckGame": false,
        "notCheckJVM": false,
        "notPatchNatives": false,
        "showLogs": false,
        "gameDir": "",
        "launcherVisibility": 1,
        "processPriority": 2,
        "useSoftwareRenderer": false,
        "useNativeGLFW": false,
        "useNativeOpenAL": false,
        "gameDirType": 0,
        "defaultJavaPath": "",
        "nativesDir": "",
        "nativesDirType": 0,
        "versionIcon": 0
      },
      "gameDir": "C:\\Users\\jdnjk\\AppData\\Roaming\\.minecraft",
      "useRelativePath": false,
      "selectedMinecraftVersion": ""
    }
  },
  "accounts": [],
  "fontFamily": "Consolas",
  "fontSize": 12.0,
  "logLines": 100,
  "titleTransparent": true,
  "authlibInjectorServers": [
    {
      "url": "https://littleskin.cn/api/yggdrasil/",
      "metadataResponse": "{\"meta\":{\"serverName\":\"LittleSkin\",\"implementationName\":\"Yggdrasil API for Blessing Skin\",\"implementationVersion\":\"5.1.1\",\"links\":{\"homepage\":\"https:\\/\\/littleskin.cn\",\"register\":\"https:\\/\\/littleskin.cn\\/auth\\/register\"},\"feature.non_email_login\":true},\"skinDomains\":[\"skin.prinzeugen.net\",\"littleskin.cn\"],\"signaturePublickey\":\"-----BEGIN PUBLIC KEY-----\\nMIICIjANBgkqhkiG9w0BAQEFAAOCAg8AMIICCgKCAgEArGcNOOFIqLJSqoE3u0hj\\ntOEnOcET3wj9Drss1BE6sBqgPo0bMulOULhqjkc\\/uH\\/wyosYnzw3xaazJt87jTHh\\nJ8BPMxCeQMoyEdRoS3Jnj1G0Kezj4A2b61PJJM1DpvDAcqQBYsrSdpBJ+52MjoGS\\nvJoeQO5XUlJVQm21\\/HmJnqsPhzcA6HgY71RHYE5xnhpWJiPxLKUPtmt6CNYUQQoS\\no2v36XWgMmLBZhAbNOPxYX+1ioxKamjhLO29UhwtgY9U6PWEO7\\/SBfXzyRPTzhPV\\n2nHq7KJqd8IIrltslv6i\\/4FEM81ivS\\/mm+PN3hYlIYK6z6Ymii1nrQAplsJ67OGq\\nYHtWKOvpfTzOollugsRihkAG4OB6hM0Pr45jjC3TIc7eO7kOgIcGUGUQGuuugDEz\\nJ1N9FFWnN\\/H6P9ukFeg5SmGC5+wmUPZZCtNBLr8o8sI5H7QhK7NgwCaGFoYuiAGL\\ngz3k\\/3YwJ40BbwQayQ2gIqenz+XOFIAlajv+\\/nyfcDvZH9vGNKP9lVcHXUT5YRnS\\nZSHo5lwvVrYUrqEAbh\\/zDz8QMEyiujWvUkPhZs9fh6fimUGxtm8mFIPCtPJVXjeY\\nwD3Lvt3aIB1JHdUTJR3eEc4eIaTKMwMPyJRzVn5zKsitaZz3nn\\/cOA\\/wZC9oqyEU\\nmc9h6ZMRTRUEE4TtaJyg9lMCAwEAAQ\u003d\u003d\\n-----END PUBLIC KEY-----\\n\"}",
      "metadataTimestamp": 1684653822030
    }
  ],
  "addedLittleSkin": true,
  "promptedVersion": "3.5.3.230",
  "_version": 0,
  "uiVersion": 0,
  "preferredLoginType": "authlibInjector",
  "animationDisabled": false
}